"Tool","Class","Registered","Header","Source","DeclMutates","DeclDryRun","DeclSave","DeclBatch","HasDryRunImpl","HasSaveImpl","HasOldResult","HasLoadObject","HasMutationTokens","HasAliases","Aliases"
"add-component","UAddComponentTool","True","Source\UEBridgeMCPEditor\Public\Tools\Write\AddComponentTool.h","Source\UEBridgeMCPEditor\Private\Tools\Write\AddComponentTool.cpp","True","False","False","False","False","False","False","False","True","True","add_component"
"add-datatable-row","UAddDataTableRowTool","True","Source\UEBridgeMCPEditor\Public\Tools\Write\AddDataTableRowTool.h","Source\UEBridgeMCPEditor\Private\Tools\Write\AddDataTableRowTool.cpp","True","False","False","False","False","False","True","False","True","True","add_datatable_row"
"add-graph-node","UAddGraphNodeTool","True","Source\UEBridgeMCPEditor\Public\Tools\Write\AddGraphNodeTool.h","Source\UEBridgeMCPEditor\Private\Tools\Write\AddGraphNodeTool.cpp","True","False","False","False","False","False","True","False","True","False",""
"add-statetree-state","UAddStateTreeStateTool","True","Source\UEBridgeMCPEditor\Public\Tools\StateTree\AddStateTreeStateTool.h","Source\UEBridgeMCPEditor\Private\Tools\StateTree\AddStateTreeStateTool.cpp","False","False","False","False","False","False","True","True","True","True","create_state_tree, add_state_tree_state"
"add-statetree-task","UAddStateTreeTaskTool","True","Source\UEBridgeMCPEditor\Public\Tools\StateTree\AddStateTreeTaskTool.h","Source\UEBridgeMCPEditor\Private\Tools\StateTree\AddStateTreeTaskTool.cpp","False","False","False","False","False","False","True","True","True","False",""
"add-statetree-transition","UAddStateTreeTransitionTool","True","Source\UEBridgeMCPEditor\Public\Tools\StateTree\AddStateTreeTransitionTool.h","Source\UEBridgeMCPEditor\Private\Tools\StateTree\AddStateTreeTransitionTool.cpp","False","False","False","False","False","False","True","True","True","False",""
"add-widget","UAddWidgetTool","True","Source\UEBridgeMCPEditor\Public\Tools\Write\AddWidgetTool.h","Source\UEBridgeMCPEditor\Private\Tools\Write\AddWidgetTool.cpp","True","False","False","False","False","False","True","False","True","True","add_widget"
"align-actors-batch","UAlignActorsBatchTool","True","Source\UEBridgeMCPEditor\Public\Tools\Level\AlignActorsBatchTool.h","Source\UEBridgeMCPEditor\Private\Tools\Level\AlignActorsBatchTool.cpp","True","True","True","True","True","True","False","False","True","True","align_actors"
"analyze-blueprint-compile-results","UAnalyzeBlueprintCompileResultsTool","True","Source\UEBridgeMCPEditor\Public\Tools\Blueprint\AnalyzeBlueprintCompileResultsTool.h","Source\UEBridgeMCPEditor\Private\Tools\Blueprint\AnalyzeBlueprintCompileResultsTool.cpp","False","False","False","False","False","False","False","False","False","True","validate_blueprint"
"apply-audio-to-actor","UApplyAudioToActorTool","True","Source\UEBridgeMCPEditor\Public\Tools\Audio\ApplyAudioToActorTool.h","Source\UEBridgeMCPEditor\Private\Tools\Audio\ApplyAudioToActorTool.cpp","True","True","True","False","True","True","False","False","True","True","spawn_sound"
"apply-blueprint-fixups","UApplyBlueprintFixupsTool","True","Source\UEBridgeMCPEditor\Public\Tools\Blueprint\ApplyBlueprintFixupsTool.h","Source\UEBridgeMCPEditor\Private\Tools\Blueprint\ApplyBlueprintFixupsTool.cpp","False","False","False","False","True","True","False","False","True","False",""
"apply-material","UApplyMaterialTool","True","Source\UEBridgeMCPEditor\Public\Tools\Material\ApplyMaterialTool.h","Source\UEBridgeMCPEditor\Private\Tools\Material\ApplyMaterialTool.cpp","False","False","False","False","False","True","False","False","True","True","assign_material"
"apply-niagara-system-to-actor","UApplyNiagaraSystemToActorTool","True","Source\UEBridgeMCPEditor\Public\Tools\Niagara\ApplyNiagaraSystemToActorTool.h","Source\UEBridgeMCPEditor\Private\Tools\Niagara\ApplyNiagaraSystemToActorTool.cpp","True","True","True","False","True","True","False","False","True","True","spawn_niagara_system"
"apply-physical-material","UApplyPhysicalMaterialTool","True","Source\UEBridgeMCPEditor\Public\Tools\Physics\ApplyPhysicalMaterialTool.h","Source\UEBridgeMCPEditor\Private\Tools\Physics\ApplyPhysicalMaterialTool.cpp","True","True","True","False","True","True","False","False","True","True","assign_physics_material"
"assert-world-state","UAssertWorldStateTool","True","Source\UEBridgeMCPEditor\Public\Tools\PIE\AssertWorldStateTool.h","Source\UEBridgeMCPEditor\Private\Tools\PIE\AssertWorldStateTool.cpp","False","False","False","False","False","False","False","False","False","False",""
"auto-fix-blueprint-compile-errors","UAutoFixBlueprintCompileErrorsTool","True","Source\UEBridgeMCPEditor\Public\Tools\Blueprint\AutoFixBlueprintCompileErrorsTool.h","Source\UEBridgeMCPEditor\Private\Tools\Blueprint\AutoFixBlueprintCompileErrorsTool.cpp","False","False","False","False","True","True","False","False","True","False",""
"blueprint-scaffold-from-spec","UBlueprintScaffoldFromSpecTool","True","Source\UEBridgeMCPEditor\Public\Tools\Blueprint\BlueprintScaffoldFromSpecTool.h","Source\UEBridgeMCPEditor\Private\Tools\Blueprint\BlueprintScaffoldFromSpecTool.cpp","False","False","False","False","True","True","False","False","True","False",""
"build-and-relaunch","UBuildAndRelaunchTool","True","Source\UEBridgeMCPEditor\Public\Tools\Build\BuildAndRelaunchTool.h","Source\UEBridgeMCPEditor\Private\Tools\Build\BuildAndRelaunchTool.cpp","False","False","False","False","False","False","True","False","False","False",""
"call-function","UCallFunctionTool","True","Source\UEBridgeMCPEditor\Public\Tools\CallFunctionTool.h","Source\UEBridgeMCPEditor\Private\Tools\CallFunctionTool.cpp","False","False","False","False","False","False","False","False","False","False",""
"capture-performance-snapshot","UCapturePerformanceSnapshotTool","True","Source\UEBridgeMCPEditor\Public\Tools\Performance\CapturePerformanceSnapshotTool.h","Source\UEBridgeMCPEditor\Private\Tools\Performance\CapturePerformanceSnapshotTool.cpp","False","False","False","False","False","False","False","False","False","False",""
"capture-viewport","UCaptureViewportTool","True","Source\UEBridgeMCPEditor\Public\Tools\Debug\CaptureViewportTool.h","Source\UEBridgeMCPEditor\Private\Tools\Debug\CaptureViewportTool.cpp","False","False","False","False","False","True","False","False","False","True","take_screenshot"
"compile-assets","UCompileAssetsTool","True","Source\UEBridgeMCPEditor\Public\Tools\Asset\CompileAssetsTool.h","Source\UEBridgeMCPEditor\Private\Tools\Asset\CompileAssetsTool.cpp","False","False","False","False","False","True","False","False","True","True","compile_blueprint, compile_material"
"connect-graph-pins","UConnectGraphPinsTool","True","Source\UEBridgeMCPEditor\Public\Tools\Write\ConnectGraphPinsTool.h","Source\UEBridgeMCPEditor\Private\Tools\Write\ConnectGraphPinsTool.cpp","True","False","False","False","False","False","True","False","True","True","connect_pins"
"create-ai-behavior-assets","UCreateAIBehaviorAssetsTool","True","Source\UEBridgeMCPEditor\Public\Tools\Gameplay\CreateAIBehaviorAssetsTool.h","Source\UEBridgeMCPEditor\Private\Tools\Gameplay\CreateAIBehaviorAssetsTool.cpp","True","True","True","False","True","True","False","False","True","True","create_behavior_tree, create_blackboard"
"create-animation-montage","UCreateAnimationMontageTool","True","Source\UEBridgeMCPEditor\Public\Tools\Animation\CreateAnimationMontageTool.h","Source\UEBridgeMCPEditor\Private\Tools\Animation\CreateAnimationMontageTool.cpp","True","True","True","False","True","True","False","False","True","True","create_anim_montage"
"create-asset","UCreateAssetTool","True","Source\UEBridgeMCPEditor\Public\Tools\Write\CreateAssetTool.h","Source\UEBridgeMCPEditor\Private\Tools\Write\CreateAssetTool.cpp","True","False","False","False","False","False","True","True","True","True","create_level_sequence"
"create-attribute-set","UCreateAttributeSetTool","True","Source\UEBridgeMCPEditor\Public\Tools\Gameplay\CreateAttributeSetTool.h","Source\UEBridgeMCPEditor\Private\Tools\Gameplay\CreateAttributeSetTool.cpp","True","True","True","False","True","True","False","False","True","True","create_attribute_set"
"create-audio-component-setup","UCreateAudioComponentSetupTool","True","Source\UEBridgeMCPEditor\Public\Tools\Audio\CreateAudioComponentSetupTool.h","Source\UEBridgeMCPEditor\Private\Tools\Audio\CreateAudioComponentSetupTool.cpp","True","True","True","False","True","True","False","False","True","True","set_audio_properties"
"create-blend-space","UCreateBlendSpaceTool","True","Source\UEBridgeMCPEditor\Public\Tools\Animation\AnimationAdvancedTools.h","Source\UEBridgeMCPEditor\Private\Tools\Animation\AnimationAdvancedTools.cpp","True","True","True","False","True","True","False","False","True","True","create_blend_space"
"create-blueprint-event","UCreateBlueprintEventTool","True","Source\UEBridgeMCPEditor\Public\Tools\Blueprint\CreateBlueprintEventTool.h","Source\UEBridgeMCPEditor\Private\Tools\Blueprint\CreateBlueprintEventTool.cpp","False","False","False","False","True","True","False","False","False","True","add_custom_event, add_event_node"
"create-blueprint-function","UCreateBlueprintFunctionTool","True","Source\UEBridgeMCPEditor\Public\Tools\Blueprint\CreateBlueprintFunctionTool.h","Source\UEBridgeMCPEditor\Private\Tools\Blueprint\CreateBlueprintFunctionTool.cpp","False","False","False","False","True","True","False","False","False","True","add_function_graph"
"create-blueprint-pattern","UCreateBlueprintPatternTool","True","Source\UEBridgeMCPEditor\Public\Tools\Blueprint\CreateBlueprintPatternTool.h","Source\UEBridgeMCPEditor\Private\Tools\Blueprint\CreateBlueprintPatternTool.cpp","False","False","False","False","False","True","False","False","True","False",""
"create-common-ui-widget","UCreateCommonUIWidgetTool","True","Source\UEBridgeMCPEditor\Public\Tools\Widget\CommonUITools.h","Source\UEBridgeMCPEditor\Private\Tools\Widget\CommonUITools.cpp","True","True","True","False","True","True","False","False","True","True","create_common_ui_widget"
"create-gameframework-blueprint-set","UCreateGameFrameworkBlueprintSetTool","True","Source\UEBridgeMCPEditor\Public\Tools\Gameplay\CreateGameFrameworkBlueprintSetTool.h","Source\UEBridgeMCPEditor\Private\Tools\Gameplay\CreateGameFrameworkBlueprintSetTool.cpp","True","True","True","False","True","True","False","False","True","True","create_game_mode, create_player_controller, create_game_state, create_player_state, create_hud"
"create-gameplay-ability","UCreateGameplayAbilityTool","True","Source\UEBridgeMCPEditor\Public\Tools\Gameplay\CreateGameplayAbilityTool.h","Source\UEBridgeMCPEditor\Private\Tools\Gameplay\CreateGameplayAbilityTool.cpp","True","True","True","False","True","True","False","False","True","True","create_gameplay_ability"
"create-gameplay-effect","UCreateGameplayEffectTool","True","Source\UEBridgeMCPEditor\Public\Tools\Gameplay\CreateGameplayEffectTool.h","Source\UEBridgeMCPEditor\Private\Tools\Gameplay\CreateGameplayEffectTool.cpp","True","True","True","False","True","True","False","False","True","True","create_gameplay_effect"
"create-input-action","UCreateInputActionTool","True","Source\UEBridgeMCPEditor\Public\Tools\Gameplay\CreateInputActionTool.h","Source\UEBridgeMCPEditor\Private\Tools\Gameplay\CreateInputActionTool.cpp","True","True","True","False","True","True","False","False","True","True","create_input_action"
"create-input-mapping-context","UCreateInputMappingContextTool","True","Source\UEBridgeMCPEditor\Public\Tools\Gameplay\CreateInputMappingContextTool.h","Source\UEBridgeMCPEditor\Private\Tools\Gameplay\CreateInputMappingContextTool.cpp","True","True","True","False","True","True","False","False","True","True","create_input_mapping_context"
"create-landscape","UCreateLandscapeTool","True","Source\UEBridgeMCPEditor\Public\Tools\Landscape\CreateLandscapeTool.h","Source\UEBridgeMCPEditor\Private\Tools\Landscape\CreateLandscapeTool.cpp","True","True","True","False","True","True","False","False","True","True","create_landscape"
"create-material-instance","UCreateMaterialInstanceTool","True","Source\UEBridgeMCPEditor\Public\Tools\Material\CreateMaterialInstanceTool.h","Source\UEBridgeMCPEditor\Private\Tools\Material\CreateMaterialInstanceTool.cpp","True","True","True","False","True","True","False","False","True","True","create_material_instance"
"create-metasound-source","UCreateMetaSoundSourceTool","True","Source\UEBridgeMCPEditor\Public\Tools\MetaSound\CreateMetaSoundSourceTool.h","Source\UEBridgeMCPEditor\Private\Tools\MetaSound\CreateMetaSoundSourceTool.cpp","True","False","True","False","False","True","False","False","True","True","create_metasound_source"
"create-niagara-system-from-template","UCreateNiagaraSystemFromTemplateTool","True","Source\UEBridgeMCPEditor\Public\Tools\Niagara\CreateNiagaraSystemFromTemplateTool.h","Source\UEBridgeMCPEditor\Private\Tools\Niagara\CreateNiagaraSystemFromTemplateTool.cpp","True","False","True","False","False","True","False","False","True","False",""
"create-physics-constraint","UCreatePhysicsConstraintTool","True","Source\UEBridgeMCPEditor\Public\Tools\Physics\CreatePhysicsConstraintTool.h","Source\UEBridgeMCPEditor\Private\Tools\Physics\CreatePhysicsConstraintTool.cpp","True","True","True","False","True","True","False","False","True","True","add_physics_constraint"
"create-sound-cue","UCreateSoundCueTool","True","Source\UEBridgeMCPEditor\Public\Tools\Audio\CreateSoundCueTool.h","Source\UEBridgeMCPEditor\Private\Tools\Audio\CreateSoundCueTool.cpp","True","False","True","False","False","True","False","False","True","False",""
"create-user-defined-enum","UCreateUserDefinedEnumTool","True","Source\UEBridgeMCPEditor\Public\Tools\Asset\CreateUserDefinedEnumTool.h","Source\UEBridgeMCPEditor\Private\Tools\Asset\CreateUserDefinedEnumTool.cpp","True","True","True","False","True","True","False","False","True","True","create_enum"
"create-user-defined-struct","UCreateUserDefinedStructTool","True","Source\UEBridgeMCPEditor\Public\Tools\Asset\CreateUserDefinedStructTool.h","Source\UEBridgeMCPEditor\Private\Tools\Asset\CreateUserDefinedStructTool.cpp","True","True","True","False","True","True","False","False","True","True","create_user_struct"
"create-widget-blueprint","UCreateWidgetBlueprintTool","True","Source\UEBridgeMCPEditor\Public\Tools\Widget\CreateWidgetBlueprintTool.h","Source\UEBridgeMCPEditor\Private\Tools\Widget\CreateWidgetBlueprintTool.cpp","True","True","True","False","True","True","False","False","True","True","create_widget_blueprint"
"disconnect-graph-pin","UDisconnectGraphPinTool","True","Source\UEBridgeMCPEditor\Public\Tools\Write\DisconnectGraphPinTool.h","Source\UEBridgeMCPEditor\Private\Tools\Write\DisconnectGraphPinTool.cpp","True","False","False","False","False","False","True","False","True","True","disconnect_pin"
"drop-actors-to-surface","UDropActorsToSurfaceTool","True","Source\UEBridgeMCPEditor\Public\Tools\Level\DropActorsToSurfaceTool.h","Source\UEBridgeMCPEditor\Private\Tools\Level\DropActorsToSurfaceTool.cpp","True","True","True","True","True","True","False","False","True","True","place_actor_on_ground"
"edit-animation-notifies","UEditAnimationNotifiesTool","True","Source\UEBridgeMCPEditor\Public\Tools\Animation\AnimationAdvancedTools.h","Source\UEBridgeMCPEditor\Private\Tools\Animation\AnimationAdvancedTools.cpp","True","True","True","True","True","True","False","False","True","True","add_anim_notify, list_anim_notifies"
"edit-anim-blueprint-state-machine","UEditAnimBlueprintStateMachineTool","True","Source\UEBridgeMCPEditor\Public\Tools\Animation\EditAnimBlueprintStateMachineTool.h","Source\UEBridgeMCPEditor\Private\Tools\Animation\EditAnimBlueprintStateMachineTool.cpp","True","True","True","True","True","True","False","False","True","True","create_anim_state_machine, add_anim_state, add_anim_transition"
"edit-anim-graph-node","UEditAnimGraphNodeTool","True","Source\UEBridgeMCPEditor\Public\Tools\Animation\AnimationAdvancedTools.h","Source\UEBridgeMCPEditor\Private\Tools\Animation\AnimationAdvancedTools.cpp","True","True","True","True","True","True","False","False","True","False",""
"edit-blackboard-keys","UEditBlackboardKeysTool","True","Source\UEBridgeMCPEditor\Public\Tools\Gameplay\GameplayAdvancedTools.h","Source\UEBridgeMCPEditor\Private\Tools\Gameplay\GameplayAdvancedTools.cpp","True","True","True","True","True","True","False","False","True","True","add_blackboard_key"
"edit-blend-space-samples","UEditBlendSpaceSamplesTool","True","Source\UEBridgeMCPEditor\Public\Tools\Animation\AnimationAdvancedTools.h","Source\UEBridgeMCPEditor\Private\Tools\Animation\AnimationAdvancedTools.cpp","True","True","True","True","True","True","False","False","True","True","add_blend_space_sample"
"edit-blueprint-components","UEditBlueprintComponentsTool","True","Source\UEBridgeMCPEditor\Public\Tools\Blueprint\EditBlueprintComponentsTool.h","Source\UEBridgeMCPEditor\Private\Tools\Blueprint\EditBlueprintComponentsTool.cpp","False","False","False","False","True","True","False","True","True","True","set_component_property"
"edit-blueprint-function-signature","UEditBlueprintFunctionSignatureTool","True","Source\UEBridgeMCPEditor\Public\Tools\Blueprint\EditBlueprintFunctionSignatureTool.h","Source\UEBridgeMCPEditor\Private\Tools\Blueprint\EditBlueprintFunctionSignatureTool.cpp","False","False","False","False","True","True","False","False","False","False",""
"edit-blueprint-graph","UEditBlueprintGraphTool","True","Source\UEBridgeMCPEditor\Public\Tools\Blueprint\EditBlueprintGraphTool.h","Source\UEBridgeMCPEditor\Private\Tools\Blueprint\EditBlueprintGraphTool.cpp","True","True","True","True","True","True","False","False","True","True","add_branch_node, add_cast_node, add_delay_node, add_flow_control_node, add_sequence_node, add_timeline_node, add_variable_get_node, add_variable_set_node"
"edit-blueprint-members","UEditBlueprintMembersTool","True","Source\UEBridgeMCPEditor\Public\Tools\Blueprint\EditBlueprintMembersTool.h","Source\UEBridgeMCPEditor\Private\Tools\Blueprint\EditBlueprintMembersTool.cpp","False","False","False","False","True","True","False","False","True","True","add_variable, add_local_variable"
"edit-collision-settings","UEditCollisionSettingsTool","True","Source\UEBridgeMCPEditor\Public\Tools\Physics\EditCollisionSettingsTool.h","Source\UEBridgeMCPEditor\Private\Tools\Physics\EditCollisionSettingsTool.cpp","True","True","True","False","True","True","False","False","True","True","set_collision_profile, set_collision_response"
"edit-common-ui","UEditCommonUITool","True","Source\UEBridgeMCPEditor\Public\Tools\Widget\CommonUITools.h","Source\UEBridgeMCPEditor\Private\Tools\Widget\CommonUITools.cpp","True","True","True","True","True","True","False","False","True","True","configure_common_button, set_common_ui_input_mode"
"edit-control-rig-graph","UEditControlRigGraphTool","True","Source\UEBridgeMCPControlRig\Public\Tools\ControlRig\EditControlRigGraphTool.h","Source\UEBridgeMCPControlRig\Private\Tools\ControlRig\EditControlRigGraphTool.cpp","True","True","True","True","True","True","False","False","True","False",""
"edit-datatable-batch","UEditDataTableBatchTool","True","Source\UEBridgeMCPEditor\Public\Tools\Asset\EditDataTableBatchTool.h","Source\UEBridgeMCPEditor\Private\Tools\Asset\EditDataTableBatchTool.cpp","True","True","True","True","True","True","False","False","True","False",""
"edit-editor-selection","UEditEditorSelectionTool","True","Source\UEBridgeMCPEditor\Public\Tools\Editor\EditorInteractionTools.h","Source\UEBridgeMCPEditor\Private\Tools\Editor\EditorInteractionTools.cpp","True","True","False","False","True","False","False","False","False","True","select_actors"
"edit-environment-lighting","UEditEnvironmentLightingTool","True","Source\UEBridgeMCPEditor\Public\Tools\Environment\EditEnvironmentLightingTool.h","Source\UEBridgeMCPEditor\Private\Tools\Environment\EditEnvironmentLightingTool.cpp","True","True","True","True","True","True","False","False","True","True","set_post_process_settings, set_fog_settings, set_sky_atmosphere, set_light_properties"
"edit-foliage-batch","UEditFoliageBatchTool","True","Source\UEBridgeMCPEditor\Public\Tools\Foliage\EditFoliageBatchTool.h","Source\UEBridgeMCPEditor\Private\Tools\Foliage\EditFoliageBatchTool.cpp","True","True","True","True","True","True","False","False","True","True","paint_foliage, erase_foliage, add_foliage_type"
"edit-gameplay-effect-modifiers","UEditGameplayEffectModifiersTool","True","Source\UEBridgeMCPEditor\Public\Tools\Gameplay\EditGameplayEffectModifiersTool.h","Source\UEBridgeMCPEditor\Private\Tools\Gameplay\EditGameplayEffectModifiersTool.cpp","True","True","True","False","True","True","False","False","True","False",""
"edit-input-mapping-context","UEditInputMappingContextTool","True","Source\UEBridgeMCPEditor\Public\Tools\Gameplay\EditInputMappingContextTool.h","Source\UEBridgeMCPEditor\Private\Tools\Gameplay\EditInputMappingContextTool.cpp","True","True","True","True","True","True","False","False","True","True","add_action_mapping"
"edit-landscape-region","UEditLandscapeRegionTool","True","Source\UEBridgeMCPEditor\Public\Tools\Landscape\EditLandscapeRegionTool.h","Source\UEBridgeMCPEditor\Private\Tools\Landscape\EditLandscapeRegionTool.cpp","True","True","True","True","True","True","False","False","True","True","set_landscape_material"
"edit-level-actor","UEditLevelActorTool","True","Source\UEBridgeMCPEditor\Public\Tools\Level\EditLevelActorTool.h","Source\UEBridgeMCPEditor\Private\Tools\Level\EditLevelActorTool.cpp","False","False","False","False","True","True","False","True","True","True","set_actor_property, set_actor_transform, set_actor_hidden, set_actor_mobility, set_actor_tags"
"edit-level-batch","UEditLevelBatchTool","True","Source\UEBridgeMCPEditor\Public\Tools\Level\EditLevelBatchTool.h","Source\UEBridgeMCPEditor\Private\Tools\Level\EditLevelBatchTool.cpp","True","True","True","True","True","True","False","False","True","False",""
"edit-material-graph","UEditMaterialGraphTool","True","Source\UEBridgeMCPEditor\Public\Tools\Material\EditMaterialGraphTool.h","Source\UEBridgeMCPEditor\Private\Tools\Material\EditMaterialGraphTool.cpp","True","True","True","True","True","True","False","False","True","True","add_material_expression, add_texture_sample_expression, add_material_parameter_expression, connect_material_expression, remove_material_expression, set_material_expression_value"
"edit-material-instance","UEditMaterialInstanceTool","True","Source\UEBridgeMCPEditor\Public\Tools\Material\EditMaterialInstanceTool.h","Source\UEBridgeMCPEditor\Private\Tools\Material\EditMaterialInstanceTool.cpp","True","True","True","True","True","True","False","False","True","False",""
"edit-material-instance-batch","UEditMaterialInstanceBatchTool","True","Source\UEBridgeMCPEditor\Public\Tools\Material\EditMaterialInstanceBatchTool.h","Source\UEBridgeMCPEditor\Private\Tools\Material\EditMaterialInstanceBatchTool.cpp","True","True","True","True","False","True","False","False","False","True","set_material_scalar, set_material_vector"
"edit-metasound-graph","UEditMetaSoundGraphTool","True","Source\UEBridgeMCPEditor\Public\Tools\MetaSound\EditMetaSoundGraphTool.h","Source\UEBridgeMCPEditor\Private\Tools\MetaSound\EditMetaSoundGraphTool.cpp","True","True","True","True","True","True","False","False","True","False",""
"edit-navigation-build","UEditNavigationBuildTool","True","Source\UEBridgeMCPEditor\Public\Tools\Gameplay\GameplayAdvancedTools.h","Source\UEBridgeMCPEditor\Private\Tools\Gameplay\GameplayAdvancedTools.cpp","True","True","False","False","True","False","False","False","False","True","build_navigation"
"edit-network-component-settings","UEditNetworkComponentSettingsTool","True","Source\UEBridgeMCPEditor\Public\Tools\Gameplay\GameplayAdvancedTools.h","Source\UEBridgeMCPEditor\Private\Tools\Gameplay\GameplayAdvancedTools.cpp","True","True","True","False","True","True","False","False","True","True","set_component_replication, set_net_dormancy"
"edit-niagara-user-parameters","UEditNiagaraUserParametersTool","True","Source\UEBridgeMCPEditor\Public\Tools\Niagara\EditNiagaraUserParametersTool.h","Source\UEBridgeMCPEditor\Private\Tools\Niagara\EditNiagaraUserParametersTool.cpp","True","True","True","True","True","True","False","False","True","True","set_niagara_parameter"
"edit-pcg-graph","UEditPCGGraphTool","True","Source\UEBridgeMCPPCG\Public\Tools\PCG\PCGGraphTools.h","Source\UEBridgeMCPPCG\Private\Tools\PCG\PCGGraphTools.cpp","True","True","True","True","True","True","False","False","True","True","create_pcg_graph, add_pcg_node, connect_pcg_nodes, set_pcg_static_mesh_spawner_meshes"
"edit-physics-constraint","UEditPhysicsConstraintTool","True","Source\UEBridgeMCPEditor\Public\Tools\Physics\EditPhysicsConstraintTool.h","Source\UEBridgeMCPEditor\Private\Tools\Physics\EditPhysicsConstraintTool.cpp","True","True","True","False","True","True","False","False","True","False",""
"edit-physics-simulation","UEditPhysicsSimulationTool","True","Source\UEBridgeMCPEditor\Public\Tools\Physics\EditPhysicsSimulationTool.h","Source\UEBridgeMCPEditor\Private\Tools\Physics\EditPhysicsSimulationTool.cpp","True","True","True","False","True","True","False","False","True","True","set_physics_simulation"
"edit-replication-settings","UEditReplicationSettingsTool","True","Source\UEBridgeMCPEditor\Public\Tools\Gameplay\EditReplicationSettingsTool.h","Source\UEBridgeMCPEditor\Private\Tools\Gameplay\EditReplicationSettingsTool.cpp","True","True","True","True","True","True","False","False","True","True","set_replication_settings"
"edit-sequencer-tracks","UEditSequencerTracksTool","True","Source\UEBridgeMCPEditor\Public\Tools\Sequencer\EditSequencerTracksTool.h","Source\UEBridgeMCPEditor\Private\Tools\Sequencer\EditSequencerTracksTool.cpp","True","True","True","True","True","True","False","False","True","True","set_sequence_range, add_sequence_track, add_actor_to_sequence, add_keyframe, play_sequence, add_audio_track, add_camera_cut_track, add_sub_sequence, add_fade_track"
"edit-sound-cue-routing","UEditSoundCueRoutingTool","True","Source\UEBridgeMCPEditor\Public\Tools\Audio\EditSoundCueRoutingTool.h","Source\UEBridgeMCPEditor\Private\Tools\Audio\EditSoundCueRoutingTool.cpp","True","True","True","False","True","True","False","False","True","False",""
"edit-spline-actors","UEditSplineActorsTool","True","Source\UEBridgeMCPEditor\Public\Tools\World\EditSplineActorsTool.h","Source\UEBridgeMCPEditor\Private\Tools\World\EditSplineActorsTool.cpp","True","True","True","True","True","True","False","False","True","True","create_spline_actor, add_spline_point, set_spline_point, remove_spline_point, get_spline_info, set_spline_closed, set_spline_type"
"edit-statetree-bindings","UEditStateTreeBindingsTool","True","Source\UEBridgeMCPEditor\Public\Tools\StateTree\EditStateTreeBindingsTool.h","Source\UEBridgeMCPEditor\Private\Tools\StateTree\EditStateTreeBindingsTool.cpp","True","True","True","True","True","True","False","False","True","True","set_state_tree_evaluator"
"edit-static-mesh-settings","UEditStaticMeshSettingsTool","True","Source\UEBridgeMCPEditor\Public\Tools\StaticMesh\EditStaticMeshSettingsTool.h","Source\UEBridgeMCPEditor\Private\Tools\StaticMesh\EditStaticMeshSettingsTool.cpp","True","True","True","True","True","True","False","False","True","True","configure_mesh_lod, enable_nanite"
"edit-static-mesh-slots","UEditStaticMeshSlotsTool","True","Source\UEBridgeMCPEditor\Public\Tools\StaticMesh\StaticMeshAdvancedTools.h","Source\UEBridgeMCPEditor\Private\Tools\StaticMesh\StaticMeshAdvancedTools.cpp","True","True","True","True","True","True","False","False","True","True","set_mesh_material_slots"
"edit-viewport-camera","UEditViewportCameraTool","True","Source\UEBridgeMCPEditor\Public\Tools\Editor\EditorInteractionTools.h","Source\UEBridgeMCPEditor\Private\Tools\Editor\EditorInteractionTools.cpp","True","True","False","False","True","False","False","False","False","True","set_viewport_camera"
"edit-widget-animation","UEditWidgetAnimationTool","True","Source\UEBridgeMCPEditor\Public\Tools\Widget\EditWidgetAnimationTool.h","Source\UEBridgeMCPEditor\Private\Tools\Widget\EditWidgetAnimationTool.cpp","True","True","True","True","True","True","False","False","True","False",""
"edit-widget-blueprint","UEditWidgetBlueprintTool","True","Source\UEBridgeMCPEditor\Public\Tools\Widget\EditWidgetBlueprintTool.h","Source\UEBridgeMCPEditor\Private\Tools\Widget\EditWidgetBlueprintTool.cpp","True","True","True","True","True","True","False","False","True","True","set_widget_properties, set_widget_image, bind_widget_event"
"edit-widget-component","UEditWidgetComponentTool","True","Source\UEBridgeMCPEditor\Public\Tools\Widget\EditWidgetComponentTool.h","Source\UEBridgeMCPEditor\Private\Tools\Widget\EditWidgetComponentTool.cpp","True","True","True","True","True","True","False","False","True","True","spawn_widget_component, set_widget_component_property"
"edit-widget-layout-batch","UEditWidgetLayoutBatchTool","True","Source\UEBridgeMCPEditor\Public\Tools\Widget\EditWidgetLayoutBatchTool.h","Source\UEBridgeMCPEditor\Private\Tools\Widget\EditWidgetLayoutBatchTool.cpp","True","True","True","True","True","True","False","False","False","True","remove_widget, move_widget, set_widget_slot, batch_add_widgets, batch_set_widget_properties"
"edit-worldpartition-cells","UEditWorldPartitionCellsTool","True","Source\UEBridgeMCPEditor\Public\Tools\World\WorldPartitionEditTools.h","Source\UEBridgeMCPEditor\Private\Tools\World\WorldPartitionEditTools.cpp","True","True","False","True","True","False","False","False","False","True","load_world_partition_region"
"find-references","UFindReferencesTool","True","Source\UEBridgeMCPEditor\Public\Tools\References\FindReferencesTool.h","Source\UEBridgeMCPEditor\Private\Tools\References\FindReferencesTool.cpp","False","False","False","False","False","False","True","False","False","True","get_asset_references"
"generate-blueprint-pattern","UGenerateBlueprintPatternTool","True","Source\UEBridgeMCPEditor\Public\Tools\Workflow\GenerateBlueprintPatternTool.h","Source\UEBridgeMCPEditor\Private\Tools\Workflow\GenerateBlueprintPatternTool.cpp","True","True","True","False","True","True","False","False","False","False",""
"generate-external-asset","UGenerateExternalAssetTool","True","Source\UEBridgeMCPExternalAI\Public\Tools\ExternalAI\GenerateExternalAssetTool.h","Source\UEBridgeMCPExternalAI\Private\Tools\ExternalAI\GenerateExternalAssetTool.cpp","False","False","False","False","False","False","False","False","False","True","generate_ui_image, remove_background, generate_3d_model, image_to_3d_model"
"generate-external-content","UGenerateExternalContentTool","True","Source\UEBridgeMCPExternalAI\Public\Tools\ExternalAI\GenerateExternalContentTool.h","Source\UEBridgeMCPExternalAI\Private\Tools\ExternalAI\GenerateExternalContentTool.cpp","False","False","False","False","False","False","False","False","False","False",""
"generate-level-pattern","UGenerateLevelPatternTool","True","Source\UEBridgeMCPEditor\Public\Tools\Workflow\GenerateLevelPatternTool.h","Source\UEBridgeMCPEditor\Private\Tools\Workflow\GenerateLevelPatternTool.cpp","True","True","True","False","True","True","False","True","True","True","create_basic_level, create_grid_layout, create_light_rig, create_ring_layout, create_staircase, create_trigger_volume"
"generate-level-structure","UGenerateLevelStructureTool","True","Source\UEBridgeMCPEditor\Public\Tools\Level\GenerateLevelStructureTool.h","Source\UEBridgeMCPEditor\Private\Tools\Level\GenerateLevelStructureTool.cpp","False","False","False","False","True","True","False","True","True","True","create_scene_from_template"
"generate-pcg-scatter","UGeneratePCGScatterTool","True","Source\UEBridgeMCPPCG\Public\Tools\PCG\GeneratePCGScatterTool.h","Source\UEBridgeMCPPCG\Private\Tools\PCG\GeneratePCGScatterTool.cpp","True","True","True","False","True","True","False","False","True","True","spawn_pcg_actor"
"get-asset-diff","UGetAssetDiffTool","True","Source\UEBridgeMCPEditor\Public\Tools\Asset\GetAssetDiffTool.h","Source\UEBridgeMCPEditor\Private\Tools\Asset\GetAssetDiffTool.cpp","False","False","False","False","False","False","True","False","False","False",""
"get-class-hierarchy","UClassHierarchyTool","True","Source\UEBridgeMCPEditor\Public\Tools\Analysis\ClassHierarchyTool.h","Source\UEBridgeMCPEditor\Private\Tools\Analysis\ClassHierarchyTool.cpp","False","False","False","False","False","False","True","False","False","False",""
"get-logs","UGetLogsTool","True","Source\UEBridgeMCPEditor\Public\Tools\Debug\GetLogsTool.h","Source\UEBridgeMCPEditor\Private\Tools\Debug\GetLogsTool.cpp","False","False","False","False","False","False","True","False","False","False",""
"get-project-info","UProjectInfoTool","True","Source\UEBridgeMCPEditor\Public\Tools\Project\ProjectInfoTool.h","Source\UEBridgeMCPEditor\Private\Tools\Project\ProjectInfoTool.cpp","False","False","False","False","False","False","True","False","False","True","get_project_info"
"import-assets","UImportAssetsTool","True","Source\UEBridgeMCPEditor\Public\Tools\Asset\ImportAssetsTool.h","Source\UEBridgeMCPEditor\Private\Tools\Asset\ImportAssetsTool.cpp","False","False","False","False","True","True","False","False","False","True","import_asset, import_asset_with_settings"
"inspect-widget-blueprint","UWidgetBlueprintTool","True","Source\UEBridgeMCPEditor\Public\Tools\Widget\WidgetBlueprintTool.h","Source\UEBridgeMCPEditor\Private\Tools\Widget\WidgetBlueprintTool.cpp","False","False","False","False","False","False","True","True","False","True","get_widget_tree, get_widget_properties"
"layout-blueprint-graph","ULayoutBlueprintGraphTool","True","Source\UEBridgeMCPEditor\Public\Tools\Blueprint\LayoutBlueprintGraphTool.h","Source\UEBridgeMCPEditor\Private\Tools\Blueprint\LayoutBlueprintGraphTool.cpp","False","False","False","False","True","True","False","False","False","False",""
"manage-ability-system-bindings","UManageAbilitySystemBindingsTool","True","Source\UEBridgeMCPEditor\Public\Tools\Gameplay\ManageAbilitySystemBindingsTool.h","Source\UEBridgeMCPEditor\Private\Tools\Gameplay\ManageAbilitySystemBindingsTool.cpp","True","True","True","False","True","True","False","False","True","True","add_ability_component"
"manage-asset-folders","UManageAssetFoldersTool","True","Source\UEBridgeMCPEditor\Public\Tools\Asset\ManageAssetFoldersTool.h","Source\UEBridgeMCPEditor\Private\Tools\Asset\ManageAssetFoldersTool.cpp","True","True","False","True","True","False","False","False","True","True","create_folder, move_assets_to_folder"
"manage-assets","UManageAssetsTool","True","Source\UEBridgeMCPEditor\Public\Tools\Asset\ManageAssetsTool.h","Source\UEBridgeMCPEditor\Private\Tools\Asset\ManageAssetsTool.cpp","False","False","False","False","True","True","False","False","True","True","delete_asset, duplicate_asset, rename_asset"
"manage-blueprint-interfaces","UManageBlueprintInterfacesTool","True","Source\UEBridgeMCPEditor\Public\Tools\Blueprint\ManageBlueprintInterfacesTool.h","Source\UEBridgeMCPEditor\Private\Tools\Blueprint\ManageBlueprintInterfacesTool.cpp","False","False","False","False","True","True","False","False","False","True","add_interface_to_blueprint, get_blueprint_interfaces"
"manage-gameplay-tags","UManageGameplayTagsTool","True","Source\UEBridgeMCPEditor\Public\Tools\Gameplay\ManageGameplayTagsTool.h","Source\UEBridgeMCPEditor\Private\Tools\Gameplay\ManageGameplayTagsTool.cpp","True","True","True","True","True","True","False","False","False","True","add_gameplay_tags, list_gameplay_tags, set_actor_gameplay_tags"
"manage-workflow-presets","UManageWorkflowPresetsTool","True","Source\UEBridgeMCPEditor\Public\Tools\Workflow\ManageWorkflowPresetsTool.h","Source\UEBridgeMCPEditor\Private\Tools\Workflow\ManageWorkflowPresetsTool.cpp","True","True","False","True","True","False","False","False","False","False",""
"pie-input","UPieInputTool","True","Source\UEBridgeMCPEditor\Public\Tools\PIE\PieInputTool.h","Source\UEBridgeMCPEditor\Private\Tools\PIE\PieInputTool.cpp","False","False","False","False","False","False","True","False","False","False",""
"pie-session","UPieSessionTool","True","Source\UEBridgeMCPEditor\Public\Tools\PIE\PieSessionTool.h","Source\UEBridgeMCPEditor\Private\Tools\PIE\PieSessionTool.cpp","False","False","False","False","False","False","True","False","False","False",""
"profile-visible-actors","UProfileVisibleActorsTool","True","Source\UEBridgeMCPEditor\Public\Tools\Performance\PerformanceDetailTools.h","Source\UEBridgeMCPEditor\Private\Tools\Performance\PerformanceDetailTools.cpp","False","False","False","False","False","False","False","False","False","True","profile_actors_in_view"
"query-ability-system-state","UQueryAbilitySystemStateTool","True","Source\UEBridgeMCPEditor\Public\Tools\PIE\QueryAbilitySystemStateTool.h","Source\UEBridgeMCPEditor\Private\Tools\PIE\QueryAbilitySystemStateTool.cpp","False","False","False","False","False","False","False","False","False","False",""
"query-actor-detail","UQueryActorDetailTool","True","Source\UEBridgeMCPEditor\Public\Tools\Level\QueryActorDetailTool.h","Source\UEBridgeMCPEditor\Private\Tools\Level\QueryActorDetailTool.cpp","False","False","False","False","False","False","False","False","False","True","get_actor_properties"
"query-actor-selection","UQueryActorSelectionTool","True","Source\UEBridgeMCPEditor\Public\Tools\Level\QueryActorSelectionTool.h","Source\UEBridgeMCPEditor\Private\Tools\Level\QueryActorSelectionTool.cpp","False","False","False","False","False","False","False","False","False","True","get_selection"
"query-ai-behavior-assets","UQueryAIBehaviorAssetsTool","True","Source\UEBridgeMCPEditor\Public\Tools\Gameplay\GameplayAdvancedTools.h","Source\UEBridgeMCPEditor\Private\Tools\Gameplay\GameplayAdvancedTools.cpp","False","False","False","False","False","False","False","False","False","True","get_behavior_tree_info, get_blackboard_info, list_ai_assets"
"query-animation-asset-summary","UQueryAnimationAssetSummaryTool","True","Source\UEBridgeMCPEditor\Public\Tools\Animation\QueryAnimationAssetSummaryTool.h","Source\UEBridgeMCPEditor\Private\Tools\Animation\QueryAnimationAssetSummaryTool.cpp","False","False","False","False","False","False","False","False","False","True","get_anim_blueprint_info, get_anim_montage_info, get_anim_state_machine_info"
"query-asset","UQueryAssetTool","True","Source\UEBridgeMCPEditor\Public\Tools\Asset\QueryAssetTool.h","Source\UEBridgeMCPEditor\Private\Tools\Asset\QueryAssetTool.cpp","False","False","False","False","False","False","True","True","False","True","get_asset_info"
"query-audio-asset-summary","UQueryAudioAssetSummaryTool","True","Source\UEBridgeMCPEditor\Public\Tools\Audio\QueryAudioAssetSummaryTool.h","Source\UEBridgeMCPEditor\Private\Tools\Audio\QueryAudioAssetSummaryTool.cpp","False","False","False","False","False","False","False","False","False","True","get_sound_info"
"query-blueprint","UQueryBlueprintTool","True","Source\UEBridgeMCPEditor\Public\Tools\Blueprint\QueryBlueprintTool.h","Source\UEBridgeMCPEditor\Private\Tools\Blueprint\QueryBlueprintTool.cpp","False","False","False","False","False","False","False","False","False","False",""
"query-blueprint-findings","UQueryBlueprintFindingsTool","True","Source\UEBridgeMCPEditor\Public\Tools\Blueprint\QueryBlueprintFindingsTool.h","Source\UEBridgeMCPEditor\Private\Tools\Blueprint\QueryBlueprintFindingsTool.cpp","False","False","False","False","False","False","False","False","False","False",""
"query-blueprint-graph","UQueryBlueprintGraphTool","True","Source\UEBridgeMCPEditor\Public\Tools\Blueprint\QueryBlueprintGraphTool.h","Source\UEBridgeMCPEditor\Private\Tools\Blueprint\QueryBlueprintGraphTool.cpp","False","False","False","False","False","False","False","False","False","False",""
"query-blueprint-graph-summary","UQueryBlueprintGraphSummaryTool","True","Source\UEBridgeMCPEditor\Public\Tools\Blueprint\QueryBlueprintGraphSummaryTool.h","Source\UEBridgeMCPEditor\Private\Tools\Blueprint\QueryBlueprintGraphSummaryTool.cpp","False","False","False","False","False","False","False","False","False","False",""
"query-blueprint-node","UQueryBlueprintNodeTool","True","Source\UEBridgeMCPEditor\Public\Tools\Blueprint\QueryBlueprintNodeTool.h","Source\UEBridgeMCPEditor\Private\Tools\Blueprint\QueryBlueprintNodeTool.cpp","False","False","False","False","False","False","False","False","False","True","get_node_pins"
"query-blueprint-summary","UQueryBlueprintSummaryTool","True","Source\UEBridgeMCPEditor\Public\Tools\Blueprint\QueryBlueprintSummaryTool.h","Source\UEBridgeMCPEditor\Private\Tools\Blueprint\QueryBlueprintSummaryTool.cpp","False","False","False","False","False","False","False","False","False","True","get_blueprint_info, get_game_framework_info"
"query-class-member-summary","UQueryClassMemberSummaryTool","True","Source\UEBridgeMCPEditor\Public\Tools\Analysis\QueryClassMemberSummaryTool.h","Source\UEBridgeMCPEditor\Private\Tools\Analysis\QueryClassMemberSummaryTool.cpp","False","False","False","False","False","False","False","False","False","True","get_function_signature"
"query-common-ui-widgets","UQueryCommonUIWidgetsTool","True","Source\UEBridgeMCPEditor\Public\Tools\Widget\CommonUITools.h","Source\UEBridgeMCPEditor\Private\Tools\Widget\CommonUITools.cpp","False","False","False","False","True","False","False","False","False","True","list_common_ui_widgets"
"query-datatable","UQueryDataTableTool","True","Source\UEBridgeMCPEditor\Public\Tools\Asset\QueryDataTableTool.h","Source\UEBridgeMCPEditor\Private\Tools\Asset\QueryDataTableTool.cpp","False","False","False","False","False","False","False","False","False","True","get_datatable_rows"
"query-editor-subsystem-summary","UQueryEditorSubsystemSummaryTool","True","Source\UEBridgeMCPEditor\Public\Tools\Analysis\QueryEditorSubsystemSummaryTool.h","Source\UEBridgeMCPEditor\Private\Tools\Analysis\QueryEditorSubsystemSummaryTool.cpp","False","False","False","False","False","False","False","False","False","False",""
"query-engine-api-symbol","UQueryEngineApiSymbolTool","True","Source\UEBridgeMCPEditor\Public\Tools\Analysis\QueryEngineApiSymbolTool.h","Source\UEBridgeMCPEditor\Private\Tools\Analysis\QueryEngineApiSymbolTool.cpp","False","False","False","False","False","False","False","False","False","False",""
"query-environment-summary","UQueryEnvironmentSummaryTool","True","Source\UEBridgeMCPEditor\Public\Tools\Environment\QueryEnvironmentSummaryTool.h","Source\UEBridgeMCPEditor\Private\Tools\Environment\QueryEnvironmentSummaryTool.cpp","False","False","False","False","False","False","False","False","False","False",""
"query-foliage-summary","UQueryFoliageSummaryTool","True","Source\UEBridgeMCPEditor\Public\Tools\Foliage\QueryFoliageSummaryTool.h","Source\UEBridgeMCPEditor\Private\Tools\Foliage\QueryFoliageSummaryTool.cpp","False","False","False","False","False","False","False","False","False","True","get_foliage_stats"
"query-gameplay-state","UQueryGameplayStateTool","True","Source\UEBridgeMCPEditor\Public\Tools\PIE\QueryGameplayStateTool.h","Source\UEBridgeMCPEditor\Private\Tools\PIE\QueryGameplayStateTool.cpp","False","False","False","False","False","False","False","False","False","False",""
"query-gas-asset-summary","UQueryGASAssetSummaryTool","True","Source\UEBridgeMCPEditor\Public\Tools\Gameplay\QueryGASAssetSummaryTool.h","Source\UEBridgeMCPEditor\Private\Tools\Gameplay\QueryGASAssetSummaryTool.cpp","False","False","False","False","False","False","False","False","False","True","get_gas_info, list_gameplay_abilities, list_gameplay_effects, list_attribute_sets"
"query-landscape-summary","UQueryLandscapeSummaryTool","True","Source\UEBridgeMCPEditor\Public\Tools\Landscape\QueryLandscapeSummaryTool.h","Source\UEBridgeMCPEditor\Private\Tools\Landscape\QueryLandscapeSummaryTool.cpp","False","False","False","False","False","False","False","False","False","True","get_landscape_info"
"query-level","UQueryLevelTool","True","Source\UEBridgeMCPEditor\Public\Tools\Level\QueryLevelTool.h","Source\UEBridgeMCPEditor\Private\Tools\Level\QueryLevelTool.cpp","False","False","False","False","False","False","True","False","False","False",""
"query-level-sequence-summary","UQueryLevelSequenceSummaryTool","True","Source\UEBridgeMCPEditor\Public\Tools\Sequencer\QueryLevelSequenceSummaryTool.h","Source\UEBridgeMCPEditor\Private\Tools\Sequencer\QueryLevelSequenceSummaryTool.cpp","False","False","False","False","False","False","False","False","False","True","get_sequence_info, open_sequence"
"query-level-summary","UQueryLevelSummaryTool","True","Source\UEBridgeMCPEditor\Public\Tools\Level\QueryLevelSummaryTool.h","Source\UEBridgeMCPEditor\Private\Tools\Level\QueryLevelSummaryTool.cpp","False","False","False","False","False","False","False","False","False","True","get_level_info"
"query-material","UQueryMaterialTool","True","Source\UEBridgeMCPEditor\Public\Tools\Material\QueryMaterialTool.h","Source\UEBridgeMCPEditor\Private\Tools\Material\QueryMaterialTool.cpp","False","False","False","False","False","False","True","True","False","False",""
"query-material-instance","UQueryMaterialInstanceTool","True","Source\UEBridgeMCPEditor\Public\Tools\Material\QueryMaterialInstanceTool.h","Source\UEBridgeMCPEditor\Private\Tools\Material\QueryMaterialInstanceTool.cpp","False","False","False","False","False","False","False","False","False","False",""
"query-material-summary","UQueryMaterialSummaryTool","True","Source\UEBridgeMCPEditor\Public\Tools\Material\QueryMaterialSummaryTool.h","Source\UEBridgeMCPEditor\Private\Tools\Material\QueryMaterialSummaryTool.cpp","False","False","False","False","False","False","False","False","False","False",""
"query-memory-report","UQueryMemoryReportTool","True","Source\UEBridgeMCPEditor\Public\Tools\Performance\PerformanceDetailTools.h","Source\UEBridgeMCPEditor\Private\Tools\Performance\PerformanceDetailTools.cpp","False","False","False","False","False","False","False","False","False","True","get_memory_report"
"query-mesh-complexity","UQueryMeshComplexityTool","True","Source\UEBridgeMCPEditor\Public\Tools\StaticMesh\StaticMeshAdvancedTools.h","Source\UEBridgeMCPEditor\Private\Tools\StaticMesh\StaticMeshAdvancedTools.cpp","False","False","False","False","False","False","False","False","False","True","get_mesh_complexity_report"
"query-metasound-summary","UQueryMetaSoundSummaryTool","True","Source\UEBridgeMCPEditor\Public\Tools\MetaSound\QueryMetaSoundSummaryTool.h","Source\UEBridgeMCPEditor\Private\Tools\MetaSound\QueryMetaSoundSummaryTool.cpp","False","False","False","False","False","False","False","False","False","True","get_metasound_info"
"query-navigation-path","UQueryNavigationPathTool","True","Source\UEBridgeMCPEditor\Public\Tools\Gameplay\GameplayAdvancedTools.h","Source\UEBridgeMCPEditor\Private\Tools\Gameplay\GameplayAdvancedTools.cpp","False","False","False","False","False","False","False","False","False","True","query_navigation_path"
"query-navigation-state","UQueryNavigationStateTool","True","Source\UEBridgeMCPEditor\Public\Tools\Gameplay\QueryNavigationStateTool.h","Source\UEBridgeMCPEditor\Private\Tools\Gameplay\QueryNavigationStateTool.cpp","False","False","False","False","False","False","False","False","False","True","get_navigation_info"
"query-network-component-settings","UQueryNetworkComponentSettingsTool","True","Source\UEBridgeMCPEditor\Public\Tools\Gameplay\GameplayAdvancedTools.h","Source\UEBridgeMCPEditor\Private\Tools\Gameplay\GameplayAdvancedTools.cpp","False","False","False","False","False","False","False","False","False","True","get_component_replication"
"query-niagara-emitter-summary","UQueryNiagaraEmitterSummaryTool","True","Source\UEBridgeMCPEditor\Public\Tools\Niagara\QueryNiagaraEmitterSummaryTool.h","Source\UEBridgeMCPEditor\Private\Tools\Niagara\QueryNiagaraEmitterSummaryTool.cpp","False","False","False","False","False","False","False","False","False","False",""
"query-niagara-system-summary","UQueryNiagaraSystemSummaryTool","True","Source\UEBridgeMCPEditor\Public\Tools\Niagara\QueryNiagaraSystemSummaryTool.h","Source\UEBridgeMCPEditor\Private\Tools\Niagara\QueryNiagaraSystemSummaryTool.cpp","False","False","False","False","False","False","False","False","False","True","get_niagara_parameters"
"query-pcg-graph-summary","UQueryPCGGraphSummaryTool","True","Source\UEBridgeMCPPCG\Public\Tools\PCG\PCGGraphTools.h","Source\UEBridgeMCPPCG\Private\Tools\PCG\PCGGraphTools.cpp","False","False","False","False","False","False","False","False","False","True","list_pcg_graphs, get_pcg_info, get_pcg_graph_nodes"
"query-performance-report","UQueryPerformanceReportTool","True","Source\UEBridgeMCPEditor\Public\Tools\Performance\QueryPerformanceReportTool.h","Source\UEBridgeMCPEditor\Private\Tools\Performance\QueryPerformanceReportTool.cpp","False","False","False","False","False","False","False","False","False","False",""
"query-physics-summary","UQueryPhysicsSummaryTool","True","Source\UEBridgeMCPEditor\Public\Tools\Physics\QueryPhysicsSummaryTool.h","Source\UEBridgeMCPEditor\Private\Tools\Physics\QueryPhysicsSummaryTool.cpp","False","False","False","False","False","False","False","False","False","True","get_physics_info, list_collision_channels"
"query-plugin-capabilities","UQueryPluginCapabilitiesTool","True","Source\UEBridgeMCPEditor\Public\Tools\Analysis\QueryPluginCapabilitiesTool.h","Source\UEBridgeMCPEditor\Private\Tools\Analysis\QueryPluginCapabilitiesTool.cpp","False","False","False","False","False","False","False","False","False","False",""
"query-render-stats","UQueryRenderStatsTool","True","Source\UEBridgeMCPEditor\Public\Tools\Performance\PerformanceDetailTools.h","Source\UEBridgeMCPEditor\Private\Tools\Performance\PerformanceDetailTools.cpp","False","False","False","False","False","False","False","False","False","True","get_render_stats"
"query-replication-summary","UQueryReplicationSummaryTool","True","Source\UEBridgeMCPEditor\Public\Tools\Gameplay\QueryReplicationSummaryTool.h","Source\UEBridgeMCPEditor\Private\Tools\Gameplay\QueryReplicationSummaryTool.cpp","False","False","False","False","False","False","False","False","False","True","get_replication_info"
"query-runtime-actor-state","UQueryRuntimeActorStateTool","True","Source\UEBridgeMCPEditor\Public\Tools\PIE\QueryRuntimeActorStateTool.h","Source\UEBridgeMCPEditor\Private\Tools\PIE\QueryRuntimeActorStateTool.cpp","False","False","False","False","False","False","False","False","False","False",""
"query-skeleton-summary","UQuerySkeletonSummaryTool","True","Source\UEBridgeMCPEditor\Public\Tools\Animation\AnimationAdvancedTools.h","Source\UEBridgeMCPEditor\Private\Tools\Animation\AnimationAdvancedTools.cpp","False","False","False","False","False","False","False","False","False","True","get_skeleton_info"
"query-spatial-context","UQuerySpatialContextTool","True","Source\UEBridgeMCPEditor\Public\Tools\Level\QuerySpatialContextTool.h","Source\UEBridgeMCPEditor\Private\Tools\Level\QuerySpatialContextTool.cpp","False","False","False","False","False","False","False","False","False","True","get_spatial_context"
"query-statetree","UQueryStateTreeTool","True","Source\UEBridgeMCPEditor\Public\Tools\StateTree\QueryStateTreeTool.h","Source\UEBridgeMCPEditor\Private\Tools\StateTree\QueryStateTreeTool.cpp","False","False","False","False","False","False","True","True","False","True","get_state_tree_info, list_state_trees"
"query-static-mesh-summary","UQueryStaticMeshSummaryTool","True","Source\UEBridgeMCPEditor\Public\Tools\StaticMesh\QueryStaticMeshSummaryTool.h","Source\UEBridgeMCPEditor\Private\Tools\StaticMesh\QueryStaticMeshSummaryTool.cpp","False","False","False","False","False","False","False","False","False","True","get_static_mesh_info"
"query-unused-assets","UQueryUnusedAssetsTool","True","Source\UEBridgeMCPEditor\Public\Tools\Asset\QueryUnusedAssetsTool.h","Source\UEBridgeMCPEditor\Private\Tools\Asset\QueryUnusedAssetsTool.cpp","False","False","False","False","False","False","False","False","False","True","find_unused_assets"
"query-workspace-health","UQueryWorkspaceHealthTool","True","Source\UEBridgeMCPEditor\Public\Tools\Project\QueryWorkspaceHealthTool.h","Source\UEBridgeMCPEditor\Private\Tools\Project\QueryWorkspaceHealthTool.cpp","False","False","False","False","False","False","False","False","False","False",""
"query-world","UQueryWorldTool","True","Source\UEBridgeMCPEditor\Public\Tools\Level\QueryWorldTool.h","Source\UEBridgeMCPEditor\Private\Tools\Level\QueryWorldTool.cpp","False","False","False","False","False","False","False","False","False","False",""
"query-worldpartition-cells","UQueryWorldPartitionCellsTool","True","Source\UEBridgeMCPEditor\Public\Tools\World\QueryWorldPartitionCellsTool.h","Source\UEBridgeMCPEditor\Private\Tools\World\QueryWorldPartitionCellsTool.cpp","False","False","False","False","False","False","False","False","False","True","get_world_partition_info"
"query-world-summary","UQueryWorldSummaryTool","True","Source\UEBridgeMCPEditor\Public\Tools\Level\QueryWorldSummaryTool.h","Source\UEBridgeMCPEditor\Private\Tools\Level\QueryWorldSummaryTool.cpp","False","False","False","False","False","False","False","False","False","False",""
"remove-graph-node","URemoveGraphNodeTool","True","Source\UEBridgeMCPEditor\Public\Tools\Write\RemoveGraphNodeTool.h","Source\UEBridgeMCPEditor\Private\Tools\Write\RemoveGraphNodeTool.cpp","True","False","False","False","False","False","True","False","True","True","remove_node"
"remove-statetree-state","URemoveStateTreeStateTool","True","Source\UEBridgeMCPEditor\Public\Tools\StateTree\RemoveStateTreeStateTool.h","Source\UEBridgeMCPEditor\Private\Tools\StateTree\RemoveStateTreeStateTool.cpp","False","False","False","False","False","False","True","True","True","False",""
"replace-static-mesh","UReplaceStaticMeshTool","True","Source\UEBridgeMCPEditor\Public\Tools\StaticMesh\ReplaceStaticMeshTool.h","Source\UEBridgeMCPEditor\Private\Tools\StaticMesh\ReplaceStaticMeshTool.cpp","True","True","True","True","True","True","False","False","True","True","set_static_mesh"
"run-editor-command","URunEditorCommandTool","True","Source\UEBridgeMCPEditor\Public\Tools\Editor\EditorInteractionTools.h","Source\UEBridgeMCPEditor\Private\Tools\Editor\EditorInteractionTools.cpp","True","True","False","False","True","False","False","False","False","True","run_console_command"
"run-editor-macro","URunEditorMacroTool","True","Source\UEBridgeMCPEditor\Public\Tools\Workflow\RunEditorMacroTool.h","Source\UEBridgeMCPEditor\Private\Tools\Workflow\RunEditorMacroTool.cpp","True","True","False","False","True","False","False","False","False","False",""
"run-pcg-graph","URunPCGGraphTool","True","Source\UEBridgeMCPPCG\Public\Tools\PCG\PCGGraphTools.h","Source\UEBridgeMCPPCG\Private\Tools\PCG\PCGGraphTools.cpp","True","True","False","False","True","False","False","False","True","True","execute_pcg"
"run-project-maintenance-checks","URunProjectMaintenanceChecksTool","True","Source\UEBridgeMCPEditor\Public\Tools\Workflow\RunProjectMaintenanceChecksTool.h","Source\UEBridgeMCPEditor\Private\Tools\Workflow\RunProjectMaintenanceChecksTool.cpp","False","True","False","False","True","False","False","False","False","False",""
"run-python-script","URunPythonScriptTool","True","Source\UEBridgeMCPEditor\Public\Tools\Scripting\RunPythonScriptTool.h","Source\UEBridgeMCPEditor\Private\Tools\Scripting\RunPythonScriptTool.cpp","False","False","False","False","False","False","True","False","False","True","execute_python"
"run-workflow-preset","URunWorkflowPresetTool","True","Source\UEBridgeMCPEditor\Public\Tools\Workflow\RunWorkflowPresetTool.h","Source\UEBridgeMCPEditor\Private\Tools\Workflow\RunWorkflowPresetTool.cpp","True","True","False","False","True","False","False","False","False","False",""
"search-assets-advanced","USearchAssetsAdvancedTool","True","Source\UEBridgeMCPEditor\Public\Tools\Search\SearchAssetsAdvancedTool.h","Source\UEBridgeMCPEditor\Private\Tools\Search\SearchAssetsAdvancedTool.cpp","False","False","False","False","False","False","False","False","False","False",""
"search-blueprint-symbols","USearchBlueprintSymbolsTool","True","Source\UEBridgeMCPEditor\Public\Tools\Search\SearchBlueprintSymbolsTool.h","Source\UEBridgeMCPEditor\Private\Tools\Search\SearchBlueprintSymbolsTool.cpp","False","False","False","False","False","False","False","False","False","False",""
"search-content-by-class","USearchContentByClassTool","True","Source\UEBridgeMCPEditor\Public\Tools\Search\SearchContentByClassTool.h","Source\UEBridgeMCPEditor\Private\Tools\Search\SearchContentByClassTool.cpp","False","False","False","False","False","False","False","False","False","False",""
"search-level-entities","USearchLevelEntitiesTool","True","Source\UEBridgeMCPEditor\Public\Tools\Search\SearchLevelEntitiesTool.h","Source\UEBridgeMCPEditor\Private\Tools\Search\SearchLevelEntitiesTool.cpp","False","False","False","False","False","False","False","False","False","True","list_actors"
"search-project","USearchProjectTool","True","Source\UEBridgeMCPEditor\Public\Tools\Search\SearchProjectTool.h","Source\UEBridgeMCPEditor\Private\Tools\Search\SearchProjectTool.cpp","False","False","False","False","False","False","False","False","False","True","search_project"
"set-metasound-input-defaults","USetMetaSoundInputDefaultsTool","True","Source\UEBridgeMCPEditor\Public\Tools\MetaSound\SetMetaSoundInputDefaultsTool.h","Source\UEBridgeMCPEditor\Private\Tools\MetaSound\SetMetaSoundInputDefaultsTool.cpp","True","True","True","True","True","True","False","False","True","True","set_metasound_parameter"
"set-property","USetPropertyTool","True","Source\UEBridgeMCPEditor\Public\Tools\Write\SetPropertyTool.h","Source\UEBridgeMCPEditor\Private\Tools\Write\SetPropertyTool.cpp","True","False","False","False","False","False","True","False","True","True","set_pin_default_value"
"source-control-assets","USourceControlAssetsTool","True","Source\UEBridgeMCPEditor\Public\Tools\Asset\SourceControlAssetsTool.h","Source\UEBridgeMCPEditor\Private\Tools\Asset\SourceControlAssetsTool.cpp","False","False","False","False","False","False","False","False","False","False",""
"spawn-actor","USpawnActorTool","True","Source\UEBridgeMCPEditor\Public\Tools\Write\SpawnActorTool.h","Source\UEBridgeMCPEditor\Private\Tools\Write\SpawnActorTool.cpp","True","False","False","False","False","False","False","False","True","True","create_actor"
"trace-gameplay-collision","UTraceGameplayCollisionTool","True","Source\UEBridgeMCPEditor\Public\Tools\PIE\TraceGameplayCollisionTool.h","Source\UEBridgeMCPEditor\Private\Tools\PIE\TraceGameplayCollisionTool.cpp","False","False","False","False","False","False","False","False","False","False",""
"trigger-live-coding","UTriggerLiveCodingTool","True","Source\UEBridgeMCPEditor\Public\Tools\Build\TriggerLiveCodingTool.h","Source\UEBridgeMCPEditor\Private\Tools\Build\TriggerLiveCodingTool.cpp","False","False","False","False","False","False","True","False","False","False",""
"wait-for-world-condition","UWaitForWorldConditionTool","True","Source\UEBridgeMCPEditor\Public\Tools\PIE\WaitForWorldConditionTool.h","Source\UEBridgeMCPEditor\Private\Tools\PIE\WaitForWorldConditionTool.cpp","False","False","False","False","False","False","False","False","False","False",""
